[
  {
    "bank": "פאג\"י",
    "localBank": [
      "188  -  יעקב לנדאו 4 , בני ברק",
      "168  -  אהרונוביץ 10 , בני ברק",
      "174  -  עזרא 4 , רחובות",
      "986  -  רשב\"י 15 רובע ז', אשדוד",
      "179  -  נחל קישון 48 , בית שמש",
      "187  -  מגדל חיפה (קומה שניה), רחוב הרצל 63 , חיפה",
      "186  -  דב גור 8 רובע ו, אשדוד",
      "984  -  אבני נזר 46 , מודיעין עילית",
      "183  -  רבי עקיבא 86 , בני ברק",
      "999  -  חזון איש 42 , בני ברק",
      "190  -  אחד העם (מגדל שלום) 9 , תל אביב -יפו",
      "977  -  רבי עקיבא 7 גבעה A, ביתר עילית",
      "171  -  שדרות נוה יעקב 38, ירושלים",
      "172  -  כיסופים 17 , ירושלים",
      "176  -  בן שטח 10 , אלעד",
      "181  -  קניון סירקין, רח' אלעזר פרידמן 9 , פתח תקווה",
      "189  -  שדרות רוטשילד 42 , תל אביב -יפו",
      "185  -  עמוס 12 שכונת גאולה, ירושלים",
      "180  -  שד' יחזקאל 2 , מודיעין עילית",
      "173  -  שד' ירושלים 136 , נתיבות",
      "988  -  אהרונוביץ 10 , בני ברק",
      "981  -  מנחם בגין 94 , פתח תקווה",
      "175  -  שמגר 16 , ירושלים",
      "177  -  הר\"ן 6 כיכר העיר בגבעה B, ביתר עילית",
      "182  -  כנפי נשרים 24 ת.ד. 575, ירושלים"
    ]
  },
  { "bank": "קומרציאל ג'ורדן בנק", "localBank": ["1  -  קומרציאל ג'ורדן בנק"] },
  {"bank":"בנק אלקהירה- עמאן","localBank":["1  -  בנק אלקהירה- עמאן"]},
  {"bank":"פועלים שוקי הון", "localBank":["1  -  פועלים שוקי הון"]},
  {"bank":"אוצר החייל", "localBank":[
  "356  -  התע\"ש 14 אזה\"ת כפר-סבא, כפר סבא",
  "324  -  כיכר רבין 1, טבריה",
  "371  -  מחנה יהודית 0 , רמת דוד",
  "321  -  מנחם בגין 11 , רמת גן",
  "305  -  רחוב עזרא 4 , רחובות 7620015",
  "329  -  שדרות יצחק רבין 9, יקנעם",
  "379  -  מחנה הילה, ד\"נ גן שורק 0 , פלמחים",
  "357  -  מנחם בגין 11 , רמת גן",
  "358  -  דרך העצמאות 56, יהוד",
  "996  -  ת\"ד 12026 0 , מפרץ חיפה, חיפה",
  "311  -  דרך הבנים 17 דרך הבנים 17 מרכז מסחרי, פרדס חנה-כרכור",
  "332  -  עיר הבהד\"ים 0 , ירוחם",
  "355  -  שד' מנחם בגין 7 מרכז צימר, ככר הסיטי, אשדוד",
  "365  -  צה\"ל 71 , תל אביב -יפו",
  "310  -  הלל יפה 22, חדרה",
  "323  -  ת\"ד 12026 0 , מפרץ חיפה, חיפה",
  "366  -  בסיס צבאי, מחנה תל-נוף 0 , גדרה",
  "382  -  יוספטל 92 קניון בת ים, בת ים",
  "395  -  הרצל 182, רחובות",
  "374  -  מפעלי התעש\"א נתב\"ג 0 , נמל תעופה בן-גוריון",
  "359  -  רחוב הזית 54 ,שוק חדש, קרית גת",
  "334  -  בסיס תל השומר 0 , רמת גן",
  "330  -  רחוב ביאליק 10, רמת גן",
  "186  -  0 0 ב\"ח חיפה, בת-גלים, חיפה, חיפה",
  "377  -  שד' התמרים 11 שדרות התמרים 11, אילת",
  "177  -  מחנה יוכבד 0 ממ\"ס הקניון האדום, אילת, אילת",
  "345  -  מרכז מסחרי רעות 0 ד.נ. מודיעין, מודיעין-מכבים-רעות",
  "343  -  אורי בר-און 2 , אריאל",
  "349  -  מתחם פאואר סנטר 0 שער אשקלון, א\"ת צפוני, אשקלון",
  "376  -  בסיס צבאי חצרים 0 מחנה יפה, חצרים",
  "398  -  החרושת 15, כרמיאל",
  "361  -  החשמונאים 84 , תל אביב -יפו",
  "336  -  0 0 ב\"ח חיפה, בת-גלים, חיפה, חיפה",
  "322  -  הורודצקי 10 , תל אביב -יפו",
  "346  -  הרצל 5 , נתניה",
  "331  -  מחנה יוכבד 0 ממ\"ס הקניון האדום, אילת, אילת",
  "392  -  ילדי טהרן 5 מתחם הפאואר סנטר החדש, ראשון לציון",
  "373  -  רמז 5 מרכז מסחרי חדש , אשקלון",
  "313  -  האגס 0 קניון סנטר הגליל, ראש פינה",
  "399  -  מנחם בגין 11 מתחם הבורסה, רמת גן",
  "363  -  בן צבי 9 , באר שבע",
  "381  -  מחנה טלי, ד.נ. נגב 0 , הר הנגב הצפוני מ\"א 48",
  "335  -  רפפורט 1, כפר סבא",
  "319  -  שדרות הגעתון 4, נהריה",
  "314  -  מתחם גלילות 0 , רמת השרון",
  "389  -  מנחם בגין 11 , רמת גן",
  "988  -  בסיס תל השומר 0 , רמת גן",
  "372  -  תל השומר 0 , רמת גן",
  "179  -  הורודצקי 10 , תל אביב -יפו",
  "315  -  פיקוס פינת ערער, מודיעין-מכבים-רעות",
  "347  -  אורלוב 77 , פתח תקווה",
  "369  -  הלל 10 , ירושלים",
  "318  -  יוהנה ז'בוטינסקי 7 , באר שבע",
  "342  -  מחנה עדי, ערד 0 , ערד",
  "993  -  מושב ספיר 0 מ.א ערבה תיכונה, ד.נ ערבה, אילת",
  "350  -  נחום חת 1 א\"ת מת\"מ - טירת הכרמל, טירת כרמל",
  "303 - יצחק מודעי 30 , באר שבע",
  "362  -  החרושת 0 מתחם חוצות המפרץ (צומת וולקן), חיפה",
  "378  -  קפלן, הקריה 27 , תל אביב -יפו",
  "386  -  העליה השניה 39 בת גלים, חיפה",
  "388  -  מנחם בגין 11 , רמת גן",
  "375  -  הסייפן 33 , רמת השרון",
  "367  -  בסיס צבאי, מחנה מרים 0 , חצור-אשדוד",
  "317  -  העצמאות 65 קניון כפר גנים, פתח תקווה",
  "316  -  שדרות טום לנטוס 1, נתניה",
  "348  -  יגאל אלון 18 מרכז מסחרי שפיר, ראש העין",
  "360  -  שדרות תל חי - פינת רחוב סלינג'ר 1, קרית שמונה",
  "397  -  בן גוריון 105 , גדרה",
  "380  -  רוטשילד 56, כפר סבא",
  "344  -  רוטשילד 14, ראשון לציון",
  "309  -  חטיבה תשע 23, עפולה"
]},
{"bank":"ירושלים","localBank": [
  "37  -  שדרות משה דיין 164 7181018, גבעת זאב",
  "61  -  שבי ציון 118 9446124, אשדוד",
  "39  -  ישמח ישראל 2 מרכז חיים זקן תמרים, ביתר עילית",
  "55  -  חזון איש, פינת רבי עקיבא 2 9214905, בני ברק",
  "66  -  הרצל 5 8422133, אשקלון",
  "97  -  רח. אלמדינה 999 9214905, אום אל-פחם",
  "50  -  הרברט סמואל 2 3309512, ירושלים",
  "52  -  פלי\"ם, בנין צים 9 5151201, חיפה",
  "93  -  ההגנה, מידרחוב 10 6515103, פתח תקווה",
  "38  -  דרך יצחק רבין 2 9055702, בית שמש",
  "68  -  יוספטל 92 4239015, בת ים",
  "53  -  הרצל 63 1620702, ראשון לציון",
  "26  -  שמגר 21 5832105, ירושלים",
  "45  -  מנחם בגין 41 9958551, תל אביב -יפו",
  "31  -  הנגב 2 9463201, נמל תעופה בן-גוריון",
  "22  -  הנגב 2, קרית תעופה",
  "63  -  דרך עכו 192 5964101, קריית ביאליק",
  "77  -  הרברט סמואל 2 2165006, קרית תעופה",
  "51  -  אחד העם 21 7526724, תל אביב -יפו",
  "36  -  אבני נזר 18 7728511, מודיעין עילית",
  "30  -  קרן היסוד 18 7019900, ירושלים",
  "1  -  הנגב 2 3081000, נמל תעופה בן-גוריון",
  "98  -  כביש ראשי 999 4082414, סח'נין",
  "76  -  יהודה הנשיא 94 6713806, אלעד",
  "69  -  הדסה 90 7019900, באר שבע",
  "67  -  סוקולוב 28 4959103, חולון",
  "96  -  קניון חוצות - רח. מעלה כמון 5 9781608, כרמיאל",
  "91  -  רח' 1100, צומת אום-ואסף 2 2723206, נצרת",
  "92  -  הרצל 45 7860105, נתניה"
]},
{"bank":"מרכנתיל דיסקונט","localBank":[
  "701  -  דרך בגין 125 מרכז עזריאלי חולון בניין B, תל אביב -יפו",
  "696  -  מרכז מסחרי 0 , רהט",
  "733  -  סוקולוב 111 , רמת השרון",
  "743  -  דיר אל אסד 0 , דייר אל-אסד",
  "677  -  הרברט סמואל 55 , חדרה",
  "644  -  החרושת 2 צמוד לקניון עזריאלי, עכו",
  "668  -  רוטשילד 115 , ראשון לציון",
  "634  -  עילבון 0 ת\"ד 136, עיילבון",
  "628  -  יאפת אל נאסרה 0 , יפיע",
  "659  -  דרך מנחחם בגין 125 , תל אביב -יפו",
  "635  -  חגי 21 , ירושלים",
  "680  -  שדרות משה גושן 86 , קריית מוצקין",
  "627  -  פאולוס השישי 83 , נצרת",
  "654  -  אלנבי 103 , תל אביב -יפו",
  "746  -  ירמיהו 48 , ירושלים",
  "702  -  כנפי נשרים 24 , ירושלים",
  "745  -  רבי עקיבא 140 , בני ברק",
  "876  -  חגי 21 , ירושלים",
  "738  -  כאבול 0 , כאבול",
  "624  -  רחוב ראשי 0 מג'ד אל כרום, מג'ד אל-כרום",
  "756  -  ראשי 0 רחוב ראשי אעבלין, אעבלין",
  "620  -  ארחי בישוף חג'אר 0 ארחי בישוף חג'אר, שפרעם",
  "630  -  ריינה 0 , ריינה",
  "706  -  שלום הגליל 1 , עכו",
  "613  -  הרוקמים 26 מרכז עזריאלי חולון בניין B, חולון",
  "661  -  כנפי נשרים 24 גבעת שאול, ירושלים",
  "643  -  ראמה 0 ת\"ד, ראמה",
  "683  -  איינשטיין 1 , אור יהודה",
  "632  -  כפר טורעאן 0 ת\"ד 51, טורעאן",
  "736  -  גבעת משה 5 , ירושלים",
  "697  -  מרכז מסחרי אום אל פחם 0 , אום אל-פחם",
  "655  -  דיזינגוף 102 , תל אביב -יפו",
  "625  -  מעיליא 0 , מעיליא",
  "621  -  שבטי ישראל 35 שבטי ישראל, ירושלים",
  "752  -  ראשי 0 , זרזיר",
  "607  -  הרוקמים 26 מרכז עזריאלי חולון בניין B, חולון",
  "638  -  אבו עובדייה 2 ירושלים המזרחית, ירושלים",
  "672  -  דרך פ\"ת 132 7 מרכז עזריאלי 7, תל אביב -יפו",
  "662  -  העצמאות 0 , טירת כרמל",
  "753  -  ראשי חורפיש 0 , חורפיש",
  "755  -  מרכז מסחרי צור יגאל 0 מרכז מסחרי צור יגאל, כוכב יאיר",
  "691  -  מרכז מסחרי חדש 0 , כפר יאסיף",
  "642  -  יפו 64 , ירושלים",
  "652  -  אצ\"ל 25 , תל אביב -יפו",
  "725  -  ישעיהו הנביא 4, בית שמש",
  "721  -  בעלי המלאכה 200 , נתיבות",
  "735  -  אחוזה 85 , רעננה",
  "656  -  דרך מנחם בגין 74 , תל אביב -יפו",
  "690  -  דרך בגין 125 , תל אביב -יפו",
  "651  -  הרצל 32 , פתח תקווה",
  "727  -  דרך העצמאות 65 נשר, חיפה",
  "750  -  רח' ראשי 0 , כפר קאסם",
  "658  -  פרישמן 77 ככר יצחק רבין, תל אביב -יפו",
  "724  -  בועיינה-נוג'ידאת 0 רחוב ראשי בועיינה נג'ידאת, בועיינה-נוג'ידאת",
  "744  -  דיר חנא 0 , דייר חנא",
  "646  -  אגרון 1 פינת קינג ג'ורג, ירושלים",
  "639  -  הגליל 30 רח' הגליל 6000/30נצרת, נצרת",
  "הארבעה 19, תל אביב -יפו, 6473919",
  "660  -  שד' הגעתון 38 , נהרייה",
  "694  -  אלנבי 36 , חיפה",
  "631  -  כפר כנא 0 ליד המעיין, כפר כנא",
  "720  -  דרך פ\"ת 132 7 מרכז עזריאלי, תל אביב -יפו",
  "703  -  דרך בר יהודה 147 נשר, חיפה",
  "734  -  הר\"ן 20 , ביתר עילית",
  "739  -  שאולזון 31 הר נוף, ירושלים",
  "614  -  רחוב ראשי 0 , טמרה",
  "603  -  שד' המייסדים 2 מרכז מסחרי, מיתר",
  "623  -  דבוריה 0 דבוריה, דבורייה",
  "647  -  שמואל הציב 20 , נתניה",
  "674  -  הרצל 189 , רחובות",
  "742  -  שד' גולדה מאיר 255 קניון רמות, ירושלים",
  "692  -  השוק 2 ככר הכפר, מעלות-תרשיחא",
  "671  -  אכסאל 0 , אכסאל",
  "640  -  דרך חיפה 0 פינת כפר החורש, נצרת",
  "699  -  התע\"ש 13 איזור התעשיה התעש 13, כפר סבא",
  "663  -  ז'בוטינסקי 54 , רמת גן",
  "711  -  הר הקפיצה 2015, נצרת 0 הר הקפיצה 2015 , נצרת, נצרת",
  "686  -  סוקולוב 3 , חולון",
  "666  -  שד' בן גוריון 182 , גבעתיים",
  "740  -  רבי יהודה הנשיא 8 , אשדוד",
  "732  -  כהנמן 64 , בני ברק",
  "619  -  דרך בגין 125 , תל אביב -יפו",
  "678  -  שד' העצמאות 65 , בת ים",
  "687  -  סכנין 0 המרכז המסחרי, סח'נין",
  "676  -  שבי ציון 3 , אשדוד",
  "645  -  רגר יצחק 59 , באר שבע",
  "649  -  המרכז המסחרי הישן 3 , דימונה",
  "705  -  הגליל 0 , נצרת",
  "669  -  שד' הרצל 75 , רמלה",
  "695  -  הבזלת 2 , כפר תבור",
  "626  -  עראבה 0 הרחוב הראשי, עראבה",
  "681  -  ג'דידה 0 מכר, ג'דיידה-מכר",
  "679  -  שד' הנשיא 134 מרכז הכרמל, חיפה",
  "653  -  שד' ירושלים 16 , תל אביב -יפו",
  "602  -  דאהר סנטר ירכא 0 אזוה\"ת ירכא, ירכא",
  "650  -  דרך בר יהודה 147 נשר, חיפה"
]},
{"bank":"אלאסלאמי אלערבי", "localBank":["1  -  אלאסלאמי אלערבי"]},
{"bank":"מ.ס.ב","localBank":["1  -  בן יהודה 25, ת\"ד 3201 , תל אביב -יפו"]},
{"bank":"מסד","localBank":[
  "502  -  התע\"ש 14 אזה\"ת כפר-סבא, כפר סבא",
  "501  -  תרמב 9 , ראשון לציון",
  "517  -  הנשיא 21 , חדרה",
  "515  -  שמאי 16 , ירושלים",
  "904  -  רחוב ראשי 0 , סח'נין",
  "506  -  רחוב ראשי שכונת אלעין 0 , שפרעם",
  "511  -  סוקולוב 41 , חולון",
  "508  -  רמז 14 , נתניה",
  "510  -  כביש עכו-נהריה, א.ת. אלרם (עכו דרום) 0 , עכו",
  "509  -  שפיגל 3 , פתח תקווה",
  "539  -  הרצל 91 , באר שבע",
  "503  -  שד' רוטשילד 38 , תל אביב -יפו",
  "902  -  מרכז מסחרי בתחנת דלק פז 1 , כוכב יאיר",
  "528  -  אבא הילל 12 , רמת גן",
  "504  -  מעלה כמון, חוצות כרמיאל 5 , כרמיאל",
  "915  -  ההגנה 23 , ירושלים",
  "537  -  אבא הילל 12 , רמת גן",
  "516  -  הבנים 7 , אשדוד",
  "2  -  המכללה האקדמית לחינוך, דאר טבעון 0 , קריית טבעון",
  "519  -  פיקוס פינת ערער, מודיעין",
  "5  -  צומת כפר קרע 0 מתחם תחנת דלק פז, כפר קרע",
  "507  -  ביאליק 10 , רמת גן",
  "514  -  עוקף נצרת 83 , נצרת",
  "505  -  יפת 95 , תל אביב -יפו",
  "542  -  אבא הילל 12 , רמת גן",
  "527  -  בר יהודה 111 , חיפה",
  "520  -  מרכז מסחרי SEVEN , אום אל פאחם, מיקוד 3001000",
  "548  -  אבא הילל 12 , רמת גן"
]},
{"bank":"קונטיננטל לישראל", "localBank":["1  -  קונטיננטל לישראל"]},
{"bank":"ש.ב.א","localBank":["1  -  דרויאנוב 5 ת\"ד 11361, תל אביב -יפו"]},
{"bank":"בנק אלאהלי אלאורדוני","localBank":["1  -  בנק אלאהלי אלאורדוני"]},
{"bank":"SBI State Bank of India", "localBank":["1  -  זבוטינסקי 3 3 , רמת גן"]},
{"bank":"אלראיסי ללתנמיה","localBank":["1  -  אלראיסי ללתנמיה"]},
{"bank":"בנק דקסיה ישראל בע\"מ","localBank":["1  -  הארבעה 19 מגדל התיכון, תל אביב -יפו"]},
{"bank":"אלעקרי אלמצרי אלערבי","localBank":["1  -  אלעקרי אלמצרי אלערבי"]},
{"bank":"אלאורדון ואלכווית","localBank":["1  -  אלאורדון ואלכווית"]},
{"bank":"אלדאולי אלפלסטיני","localBank":["1  -  אלדאולי אלפלסטיני"]},
{"bank":"חסך","localBank":["1  -  החלוץ 38, ת\"ד 4639 , חיפה"]},
{"bank":"בנק ישראל","localBank":["1  -  בנק ישראל"]},
{"bank":"לאומי","localBank":[
  "801  -  שדרות ירושלים 19 מתחם חצרות יפו, תל אביב -יפו",
  "12  -  מרכז הכפר בועיינה נוג'ידאת 0 , בועיינה-נוג'ידאת",
  "736  -  האגוז 0 , יבנה",
  "858  -  סוקולוב 45 , חולון",
  "950  -  שטמפפר 9 , נתניה",
  "731  -  חזון איש 54 , בני ברק",
  "832  -  פנקס 48 , תל אביב -יפו",
  "669  -  זד\"ל 7 , ראשון לציון",
  "817  -  הארבעה 19 , תל אביב -יפו",
  "786  -  שבט לוי 16 , אשדוד",
  "748  -  מנחם בגין 7, רמת גן",
  "991  -  לילינבלום 10 , תל אביב -יפו",
  "43  -  מרכז הכפר 0 , חורפיש",
  "3  -  אלשאפעי - פינת ביר אלבום ביר אלבום , ג'ת",
  "842  -  שכונת אלעין, כניסה מערבית 0 , שפרעם",
  "821  -  שדרות הר ציון 106 , תל אביב -יפו",
  "10  -  מרכז הכפר מרכז הכפר , טורעאן",
  "742  -  המרץ 12 אזור התעשיה, ראש העין",
  "757  -  הרחוב הראשי 59 , ג'לג'וליה",
  "164  -  נחל זהר 3 , בית שמש",
  "944  -  גולדה מאיר 1 , ראשון לציון",
  "839  -  ארלוזורוב 149 פינת פייבל, תל אביב -יפו",
  "685  -  שד' הנשיא 107 מרכז פנורמה, חיפה",
  "895  -  ככר בן גוריון 0 , קריית טבעון",
  "975  -  ירושלים 35 , צפת",
  "59  -  משה דיין 8 , קריית טבעון",
  "889  -  חלוצי התעשיה 9 מפרץ חיפה, חיפה",
  "614  -  המנופים 15 בית לידר אזור תעשיה הרצליה, הרצלייה",
  "866  -  פינחס איילון 13 מרגנית 2, חולון",
  "47  -  כביש ראשי ג'דיידה מכר 0 , ג'דיידה-מכר",
  "276  -  דרך בר יהודה 48 בנין אליר, נשר",
  "825  -  הכניסה לכפר 0 , כפר מנדא",
  "8  -  מרכז כפר קרע 0 , כפר קרע",
  "970  -  הבנים 1 , טבריה",
  "876  -  יפו 21 , חיפה",
  "949  -  סוקולוב 69 , רמת השרון",
  "635  -  ליבריה 2 שכ' דניה, חיפה",
  "624  -  עמק הברכה 23 , תל אביב -יפו",
  "706  -  הארז 29 , פרדסייה",
  "803  -  אלנבי 43 , תל אביב -יפו",
  "515  -  סוקולוב 12 , הוד השרון",
  "806  -  דיזינגוף 50 , תל אביב -יפו",
  "828- אחוזה 152, רעננה",
  "939  -  שדרות שבזי 2 פינת שד' דואני, יבנה",
  "716  -  פלימן 4 , חיפה",
  "922  -  דרך מצדה 6 שכ' ד, באר שבע",
  "701  -  טוליפמן 7 , ראשון לציון",
  "899  -  שדרות אח\"י 22 , חיפה",
  "854  -  הרא\"ה 123 , רמת גן",
  "904  -  יפו 208 , ירושלים",
  "867  -  הרחוב הראשי 0 , כפר יאסיף",
  "946  -  ויצמן 101 , כפר סבא",
  "800  -  הרצל 19 , תל אביב -יפו",
  "53  -  תל חי 4 , כפר סבא",
  "1  -  המגינים 53 , חיפה",
  "704  -  אפרים קישון 9 מרכז אלמוג תלמי מנשה, באר יעקב",
  "683  -  מרכז מסחרי 0 , כוכב יאיר",
  "909  -  מרכז הכפר 0 , עראבה",
  "767  -  המשביר 1, חולון",
  "31  -  בנין העיריה 0 , שפרעם",
  "925  -  צה\"ל 8 , אשקלון",
  "657  -  קרן היסוד 1 מרכז מסחרי, קרית שרת, חולון",
  "702  -  חורי 2 מגדל הנביאים, חיפה",
  "65  -  אונטרמן 5 , ירושלים",
  "900  -  נמיר 5 , קריית ים",
  "723  -  רח' ראשי אכסאל 1 , אכסאל",
  "859  -  בלפור 80 , בת ים",
  "797  -  עגנון 20 , ירושלים",
  "37  -  נתב\"ג, בנין אל על 0 , אזור רמלה של\"ש",
  "670  -  ז'בוטינסקי 110 , פתח תקווה",
  "799  -  ויצמן 2 צמוד לסניף רחובות/הרצל 200, רחובות",
  "849  -  יהודה לוי 34 , תל אביב -יפו",
  "901  -  אגודת ספורט הפועל 1 הגן הטכנולוגי, ירושלים",
  "923  -  המרכז המסחרי 0 , דימונה",
  "4  -  בכניסה לכפר 0 , מגאר",
  "999  -  שד' התמרים 0 מרכז מסחרי, אילת",
  "959  -  שיבת ציון 1 גבעת אולגה, חדרה",
  "753 - האגס 0 סנטר הגליל, ראש פינה, 1200000",
  "761  -  מרכז הכפר 0 , (ג'ש (גוש חלב",
  "718  -  דיזינגוף 55 , תל אביב -יפו",
  "989  -  אבא הלל סילבר 3 , לוד",
  "758  -  חן 4 המרכז המסחרי, ערד",
  "28  -  הכניסה לכפר 0 , כפר מנדא",
  "980  -  טארק עבדול חי 0 סמרה סנטר, טירה",
  "771  -  שאול המלך 1 , תל אביב -יפו",
  "655  -  הירדן 79 , רמת גן",
  "988  -  הרצוג 23 , גבעתיים",
  "948  -  בן גוריון 2 , הרצלייה",
  "775  -  שדרות היעלים - שכונה ה', באר שבע",
  "621  -  שד' יחזקאל 2 , מודיעין עילית",
  "511  -  ככר העצמאות 14 , נתניה",
  "727  -  האגס 0 , ראש פינה",
  "836  -  רש\"י 33 , רמת גן",
  "725 - פרויקט יובלים בניין A, קומה 6",
  "49  -  בר יהודה 48 , נשר",
  "631  -  האוזנר 3 תכנית ל', תל אביב -יפו",
  "80  -  אבא הלל סילבר 3 , לוד",
  "962  -  ויצמן 64 , נהרייה",
  "813  -  השל\"ה 9 , תל אביב -יפו",
  "5  -  שכונת אלעין, כניסה מערבית 0 , שפרעם",
  "734  -  דרך מצדה 6 , באר שבע",
  "884 -כניסה לכפר 0, ג'ולס, 2498000",
  "627  -  אורי 12 , תל אביב -יפו",
  "979  -  הכביש הראשי, כניסה לכפר 0 , דבורייה",
  "163  -  ירושלים 34 , רעננה",
  "861  -  שדרות העצמאות 67 , בת ים",
  "915  -  אורוגואי 1 אורוגואי 1, ירושלים",
  "36  -  מרכז הכפר 0 , עראבה",
  "654  -  יגאל אלון 65 מגדלי טויוטה, תל אביב -יפו",
  "879  -  החלוץ 66 , חיפה",
  "51  -  בן יהודה 77 , כפר סבא",
  "668  -  הרצל 84, רמלה",
  "52  -  בן יהודה 71 , כפר סבא",
  "93  -  בית חולים הדסה עין כרם 0 , ירושלים",
  "921  -  החלוץ 90 , באר שבע",
  "816  -  אבן גבירול 71 , תל אביב -יפו",
  "814  -  רחוב השלושה 9, יד אליהו תל אביב",
  "754  -  כביש ראשי ג'דיידה מכר 0 , ג'דיידה-מכר",
  "837  -  דרך העצמאות 54 , יהוד",
  "688  -  המנופים 15 בית לידר אזור תעשיה הרצליה, הרצלייה",
  "אחד העם 9 - סניף מספר 601 מיקוד,6525101",
  "892  -  הגליל 76 נוה-שאנן, חיפה",
  "747  -  עמק איילון 30 מרכז מסחרי, שוהם",
  "639  -  תרשיש 5 אזור תעשיה קיסריה, קיסריה",
  "887  - קרן היסוד 29",
  "886  -  שדרות מוריה 112 אחוזה, חיפה",
  "851  -  ביאליק 22 , רמת גן",
  "707  -  סוטין 1 אזור תעשיה סגולה, פתח תקווה",
  "898  -  דרך עכו 192 , קריית ביאליק",
  "501  -  מאה שערים 2 ככר השבת, ירושלים",
  "916  -  יגאל אלון 6 , בית שמש",
  "714  -  רפפורט 3 , כפר סבא",
  "652  -  עלי בן אבו טאלב 0 עלי בן אבו טאלב פינת חאלד בן אל ואליד, כפר קאסם",
  "743  -  דרך מנחם בגין 7 בית גיבור, רמת גן",
  "671  -  משה לוי 11 אזור תעשיה, ראשון לציון",
  "613  -  אל קודס 0 , קלנסווה",
  "961  -  החרושת 9 מרכז ניצנים, כרמיאל",
  "606  -  דיזנגוף 55 \"מגדל על\", תל אביב -יפו",
  "958  -  ככר דה שליט - , הרצלייה",
  "722  -  מרכז הכפר 0 , חורפיש",
  "520  -  ז'בוטינסקי 3 , הוד השרון",
  "862  -  מרכז הכפר 0 , דייר אל-אסד",
  "667  -  הערבה 1 , אורנית",
  "798  -  גולדה מאיר 1 קניון רמות, ירושלים",
  "644  -  הרחוב הראשי 0 , כפר כנא",
  "721  -  הראשונים 49 , מטולה",
  "האומן ,17 קומה 2, חדרה - 907",
  "772  -  מרכז הכפר בועיינה נוג'ידאת 0 , בועיינה-נוג'ידאת"
]},
{"bank":"הפועלים","localBank":[
  "474  -  רודנסקי 5 רמת אביב החדשה, תל אביב -יפו",
  "542  -  מרכז מסחרי \"סנטר הגליל\" 0 , ראש פינה",
  "665  -  שהין סנטר 75 מרכז טייבה, טייבה",
  "726  -  פאולוס השישי 701 , נצרת",
  "678  -  דרך מגדיאל 54 , הוד השרון",
  "290  -  ישמח ישראל 2 , ביתר עילית",
  "688  -  אבשלום גיסין 64 ק' אריה, ת\"ד 1019, פתח תקווה",
  "655  -  רבי עקיבא 108 , בני ברק",
  "784  -  ההגנה 21 , ירושלים",
  "170  -  רוטשילד 50 , תל אביב -יפו",
  "90  -  קניון כנעאן 1 , ירכא",
  "604  -  שד' ישראל גורי 34 , תל אביב -יפו",
  "671  -  בורנשטיין צבי 915 מרכז מסחרי, ירוחם",
  "622  -  שד' הדקלים, ככר הנשיא 1 , פרדס חנה-כרכור",
  "707  -  ככר מאירהוף 44 , חיפה",
  "300 - ניסנבאום 37, בת ים",
  "579  -  הנגב 11 , תל אביב -יפו",
  "696  -  נור אל-דין 8 , ירושלים",
  "680  -  החורש 2 , כפר שמריהו",
  "698  -  יפו 216 , ירושלים",
  "795  -  יהודה הלוי 62 , תל אביב -יפו",
  "648  -  זבוטינסקי 22 , קריית מלאכי",
  "620  -  הרברט סמואל 85 , חדרה",
  "705  -  הרצל 73 , חיפה",
  "667  -  מנחם בגין 5 , בית דגן",
  "768  -  הנחשול 30 , ראשון לציון",
  "556  -  ירושלים 15 קניון לביא, ת\"ד 303, נתיבות",
  "447  -  משה דיין 2 , ראש העין",
  "72  -  הרברט סמואל 75 , חדרה",
  "614  -  שד' ירושלים 21 , רמת גן",
  "717  -  ירושלים הבירה 13 , בית שאן",
  "646  -  הבילויים 6 , גדרה",
  "557  -  יוסף ספיר 9 , רמת גן",
  "184  -  שדרות רוטשילד 50 , תל אביב -יפו",
  "638  -  ויצמן 46 , חולון",
  "421  -  כיכר הברכיי 1 רח' ראשי עראבה, עראבה",
  "176  -  אבא הלל סילבר 12 , רמת גן",
  "794  -  המסגר 40 , תל אביב -יפו",
  "727  -  המלאכה 20 , עפולה",
  "506  -  טארק עבד אל חי 1 , טירה",
  "652  -  המייסדים 58 , אבן יהודה",
  "706  -  שד' דגניה 30 , חיפה",
  "618  -  דני מס 7 , רמלה",
  "552  -  דנמרק 1 , פתח תקווה",
  "600  -  שד' רוטשילד 50 , תל אביב -יפו",
  "766  -  דב גור 8 , אשדוד",
  "761  -  חיים עוזר 22 , פתח תקווה",
  "562  -  שדרות פל ים 2 , חיפה",
  "169  -  חלוצי התעשיה 3 , חיפה",
  "603  -  לה גוורדיה 58 ת\"א, תל אביב -יפו",
  "730  -  שד' ויצמן 12 שכ' ג, ת\"ד 2047, קריית ים",
  "767  -  הצבר 5 , אזור",
  "588  -  עולי הגרדום 1 מרכז מסחרי, ירושלים",
  "639  -  סוקולוב 95 , חולון",
  "776  -  בבלי 12 , תל אביב -יפו",
  "291  -  דרך קדם 5 , מעלה אדומים",
  "450  -  דרך מנחם בגין 52 \"מגדל סונול\", תל אביב -יפו",
  "168  -  מתחם ביג - רגבה 1 , נהרייה",
  "574  -  הפלמ\"ח 38 , ירושלים",
  "732  -  שלמה שרירא קניון צים 3 , מעלות-תרשיחא",
  "173  -  שדרות ירושלים 42 , באר שבע",
  "203  -  רחוב ראשי 0 , ערערה",
  "785  -  אילת 54 יוספטל, ת\"ד 1252, חולון",
  "608  -  ארלוזורוב 105 , תל אביב -יפו",
  "546  -  תרצה 13 , רמת גן",
  "583  -  הדוגית 16 , יבנה",
  "531  -  יהודה הלוי 62 , תל אביב -יפו",
  "748  -  דרך חברון 101 , ירושלים",
  "60  -  הנגב 11 , תל אביב -יפו",
  "517  -  הרצל 108 , תל אביב -יפו",
  "486  -  מרכז מסחרי 0 מרכז מסחרי רהט, רהט",
  "412  -  אופנהיימר 10 , רחובות",
  "527  -  אלנבי 65 , תל אביב -יפו",
  "723  -  הבנים 3 , טבריה",
  "578  -  כפר קרע 0 , כפר קרע",
  "500  -  הרצל 14 , תל אביב -יפו",
  "721  -  העצמאות 37 , קריית אתא",
  "177  -  דרך יצחק רגר 17 , באר שבע",
  "621  -  המייסדים 8 , בנימינה-גבעת עדה",
  "239  -  רחוב ראשי 0 , כפר מנדא",
  "558  -  דרך מנחם בגין 132 מרכז עזריאלי 1, תל אביב -יפו",
  "522  -  שנקר 39 , חולון",
  "462  -  בני ברמן 2 בני ברמן 3, קניון עיר ימים, נתניה, נתניה",
  "550  -  מרכז מסחרי חדש \"נוף גולן\" 0 , בני יהודה",
  "537  -  אבא הלל 7 , רמת גן",
  "540  -  הציונות 13 , אשדוד",
  "773  -  הירדן 29 , רמת גן",
  "580  -  הנגב 11 , תל אביב -יפו",
  "627  -  ויצמן 102 , כפר סבא",
  "642  -  רוטשילד 29 , בת ים",
  "663  -  מבצע סיני 16 ת\"ד 401, בת ים",
  "656  -  הנשיא 57 , קריית אונו",
  "585  -  הגננת פינת יפה רום 800 מרכז מסחרי, ירושלים",
  "756  -  שי עגנון 18 מלון מרקיור, בת ים",
  "703  -  הרצל 39 , טירת כרמל",
  "792  -  קרן היסוד 7 , קריית ביאליק",
  "752  -  נתב\"ג, ת\"ד 101 0 , לוד",
  "782  -  עזה 38 , ירושלים",
  "391  -  המשביר 1 , חולון",
  "555  -  רוטשילד 78 , ראשון לציון",
  "666  -  הנשיא ויצמן 190 , באקה אל-גרביה",
  "701  -  שד' הנשיא 111 , חיפה",
  "692  -  כיכר נוימן 1 מרכז מסחרי, בית שמש",
  "689  -  בן יהודה 19 , תל אביב -יפו",
  "479  -  רחוב ראשי פינת רחוב הגליל 0 , סח'נין",
  "503  -  לוינסקי 69 , תל אביב -יפו",
  "720  -  שד' אח\"י אילת 24 , חיפה",
  "781  -  מונטיפיורי 39 , תל אביב -יפו",
  "722  -  שד' רבין 9 , יקנעם עילית",
  "742  -  המרכז המסחרי 1 , דאלית אל-כרמל",
  "699  -  שד' משה דיין 106 , ירושלים",
  "69  -  אקליפטוס 3 , רמת ישי",
  "685  -  שד' הציונות 1 , לוד",
  "791  -  חלוצי התעשיה 3 מפרץ חיפה, חיפה",
  "758  -  קרן היסוד 1 , חולון",
  "762  -  שד' דואני 46 מרכז מסחרי, יבנה",
  "679  -  טשרניחובסקי 45 , כפר סבא",
  "536  -  שד' אליהו 5 , מזכרת בתיה",
  "520  -  כנפי נשרים 22 , ירושלים",
  "438  -  שבט לוי 14 רובע י\"ב, אשדוד",
  "664  -  ז'בוטינסקי 168 מגדלי שקל, בני ברק",
  "714  -  ירושלים 72 , צפת",
  "215  -  רחוב ראשי 0 , אכסאל",
  "797  -  יהודה הלוי 62 , תל אביב -יפו",
  "167  -  המלאכה 45 אזור התעשיה קרית ספיר, נתניה",
  "418  -  רח' ראשי בנין מוחמד פאוזי 0 בנין מוחמד פאוזי, טמרה",
  "724  -  המברג 1 , טבריה",
  "713  -  בן עמי 6 , עכו",
  "575  -  שמואל הנציב 28 , נתניה",
  "158  -  המליץ 4 , ירושלים",
  "658  -  שבי ציון 9 , אשדוד",
  "729  -  שד' משה גושן 19 , קריית מוצקין",
  "676  -  בן גוריון 38 , רמת גן",
  "507  -  ריב\"ל 7 , תל אביב -יפו",
  "754  -  פנקס 32 , תל אביב -יפו",
  "516  -  אנה פרנק 31 , בת ים",
  "684  -  כ\"ג 2 , גבעתיים",
  "633  -  שד' הרצל 11 , אופקים",
  "457  -  אגודת הפועל בנין 2 2 הגן הטכנולוגי, ירושלים",
  "292  -  שד' יחזקאל 2 שד' יחזקאל 2, מודיעין עילית, מודיעין עילית",
  "765  -  דבורה הנביאה -ק. עתידים, 4, 4 , תל אביב -יפו",
  "708  -  שונית 12 , חיפה",
  "504  -  בני אפרים 246 , תל אביב -יפו",
  "453  -  אבא הלל 12 בית חוגי, רמת גן",
  "771  -  נתן יונתן 10, נתניה",
  "733  -  חרמון 1 , נצרת עילית",
  "582  -  צאלון 21 , מודיעין-מכבים-רעות",
  "613  -  ביאליק 32 , רמת גן",
  "541  -  הרצוג 61 , ירושלים",
  "449  -  רחוב ראשי (כביש 75) 0 , יפיע",
  "455  -  המלאכה 45 א\"ת חדש, ת\"ד 8529, נתניה",
  "745  -  שד' אבא חושי לא קיים , חיפה",
  "595  -  הנגב 11 , תל אביב -יפו",
  "716  -  שד' הגעתון 37 , נהרייה",
  "616  -  חובבי ציון 1 , פתח תקווה",
  "470  -  רחוב ראשי נצרת 1 רח' ראשי נצרת, ריינה, ריינה",
  "549  -  מרכז מסחרי 0 , כפר תבור",
  "659  -  הראשונים 2 , חדרה",
  "399  -  האורגים 9 , אשדוד",
  "551  -  רחוב ראשי 0 המשולש, קלנסווה",
  "547  -  אוניברסיטת בן גוריון 40 , באר שבע",
  "609  -  אבן גבירול 71 , תל אביב -יפו",
  "410  -  שד' עמק איילון 30 , מרכז מסחרי,ת\"ד 1858, שוהם",
  "174  -  שדרות אבא אבן 10 , הרצלייה",
  "778  -  ברודצקי 43 , תל אביב -יפו",
  "464  -  הנחילות 2 הנחילות 2, כרכור, פרדס חנה-כרכור",
  "446  -  נחל ניצנים 16 , בית שמש",
  "509  -  הנגב 11 , תל אביב -יפו",
  "715  -  ההסתדרות 1 , חצור-אשדוד",
  "735  -  ככר בן גוריון 1 , קריית טבעון",
  "651  -  ככר צפניה 10 , אשקלון",
  "610  -  פנחס רוזן 28 , תל אביב -יפו",
  "515  -  שד' רוטשילד 46 בנין אלרוב, תל אביב -יפו",
  "653  -  המעלית פינת רח' הזרם 6 בית הודיה - פארק תעשיות קדימה, קדימה-צורן",
  "454  -  אלומות 12 בית משובית, פארק תעשיה, עומר",
  "686  -  הגבורה 3 מרכז נפתי, ת\"ד 9005, אשקלון",
  "475  -  יהודה הנשיא 94 אלעד, אלעד",
  "640  -  ויצמן 20 , גבעתיים",
  "567  -  ויצמן 4 , תל אביב -יפו",
  "645  -  שד' לכיש 30 , קריית גת",
  "448  -  שדרות החוצבים 10 , מבשרת ציון",
  "719  -  יהודה הנשיא 1 , קריית טבעון",
  "202  -  כפר יאסיף די סנטר 0 , כפר יאסיף",
  "743  -  משה שרת 6 , קריית ים",
  "647  -  העצמאות 7 , גן יבנה",
  "702  -  טרומפלדור 47 , חיפה",
  "436  -  המרפא (פארק סנטר) 1 , ירושלים",
  "757  -  ירושלים 34 פינת אחוזה קומה א, רעננה",
  "465  -  רפאל איתן 3 , פתח תקווה",
  "694  -  אביזוהר 8 מרכז מסחרי, רמת בית הכרם, ירושלים",
  "572  -  ז'בוטינסקי 65 , ראשון לציון",
  "677  -  החשמונאים 7 מרכז מסחרי, ת\"ד 9, ראש העין",
  "626  -  דרך השרון 69 , הוד השרון",
  "668  -  יצחק רגר 17 , באר שבע",
  "649  -  ככר הנשיא 8 , שדרות",
  "788  -  אפטר 9 , תל אביב -יפו",
  "637  -  שא נס 17 , באר יעקב",
  "615  -  הרצל 179 , רחובות",
  "660  -  הרצל 42 , קריית עקרון",
  "681  -  דיזנגוף 64 , תל אביב -יפו",
  "548  -  רחוב ראשי - כניסה ראשית 1 רח' ראשי אל מדינה, אום אל-פחם",
  "570  -  התמר 1 מרכז מסחרי, עומר",
  "772  -  דרך מנחם בגין 37 , תל אביב -יפו",
  "657  -  ההגנה 126 , אור יהודה",
  "61  -  שמשון 3 , פתח תקווה",
  "459  -  המלאכה 45 א\"ת קרית ספיר, ת\"ד 8517, נתניה",
  "568  -  אחימאיר 33 , תל אביב -יפו",
  "774  -  טרמינל 3 נתב\"ג, טרמינל 3, אולם מקבלי פנים ת\"ד 131, לוד",
  "675  -  שרת 6 , כפר יונה",
  "63  -  שד' רוטשילד 50 מגדל אלקטרה קומה 10, תל אביב -יפו",
  "747  -  הגליל 6 , כרמיאל",
  "544  -  הרצל 111 , רחובות",
  "736  -  פלי\"ם 2 , חיפה",
  "634  -  רוטשילד 13 , ראשון לציון",
  "737  -  אברהם בן שושן 53 , עכו",
  "744  -  קניון פריד, אזור התעשיה 0 רמת הגולן, מג'דל שמס",
  "584  -  שד' אבא אבן 5 ת\"ד 2197, הרצליה פיתוח, הרצלייה",
  "650  -  הרצל 28 , אשקלון",
  "712  -  דרך השלום 17 , נשר",
  "586  -  המשביר (פרמיום סנטר) 1 , חולון",
  "159  -  דרך מנחם בגין 23 מנחם בגין (קומת כניסה),מגדל לוינשטיין, תל אביב -יפו",
  "452  -  פקריס 3 פארק תמר, רחובות",
  "407  -  התדהר 16 , רעננה",
  "539  -  רבינוביץ 11 , חולון",
  "749  -  ככר העצמאות 11 , נתניה",
  "654  -  הדקל 52 , תל מונד",
  "3  -  שד' רימון 1 מרכז מסחרי להבים, להבים",
  "632  -  יגאל אלון 5 , דימונה",
  "661  -  אחוזה 112 , רעננה",
  "763  -  חן 32 מרכז מסחרי, ערד",
  "577  -  גרינבוים 41 , תל אביב -יפו",
  "394  -  התדהר 14 , רעננה",
  "208  -  המרד 29 ת\"ד 50001, תל אביב -יפו",
  "110  -  דניאל פריש 3 , תל אביב -יפו",
  "695  -  פארן 13 , ירושלים",
  "559  -  בקעת נטופה 25 קניון הדרים, כפר סבא",
  "602  -  דיזנגוף 205 , תל אביב -יפו",
  "629  -  המעפילים 39 הרצליה פיתוח, הרצלייה",
  "511  -  אבן גבירול 161 , תל אביב -יפו",
  "473 - דרך ארץ 2 חריש",
  "728  -  דרך העמק 7 קניון לב העמק, ת\"ד 5, מגדל העמק",
  "738  -  מרכז מסחרי קפלן 1 , עפולה",
  "529  -  בן יהודה 99 , תל אביב -יפו",
  "478  -  רחוב ראשי 81 , כפר כנא",
  "672  -  שד' בן גוריון 1 , מצפה רמון",
  "741  -  מרכז מסחרי 0 , קיסריה",
  "55  -  לב העיר 2 קניון מודיעין עזריאלי, מודיעין מכבים רעות",
  "576  -  חרוד 7 , נצרת עילית",
  "161  -  אפרים קישון 9 תלמי מנשה, באר יעקב",
  "718  -  ככר צה\"ל 200 , קריית שמונה",
  "153  -  העצמאות 65 , פתח תקווה",
  "704  -  חורב 15 , חיפה",
  "510  -  אבן גבירול 2 , תל אביב -יפו",
  "491  -  ממילא 8 , ירושלים",
  "770  -  אברהם אבינו 31 , באר שבע",
  "617  -  ויצמן 9 , יהוד",
  "673  -  הנשיא 30 מרכז מסחרי, אור עקיבא",
  "484  -  דרך אבא חושי 0 , עספיא",
  "611  -  שד' ירושלים 16 , תל אביב -יפו",
  "625  -  המייסדים 49 , זכרון יעקב",
  "211  -  בנין מגדלי נצרת , כביש עוקף נצרת 1 , נצרת",
  "472  -  המלאכה 20 , עפולה",
  "524  -  שד' אורנים 10 מרכז מסחרי, ת\"ד 9016, רמת גן",
  "753  -  ה' באייר 52 , תל אביב -יפו",
  "445  -  מנחם בגין 5 , בית דגן",
  "769  -  טרומפלדור 5 , רמת השרון",
  "690  -  המלך ג'ורג' 16 , ירושלים",
  "628  -  שד' חן 4 , הרצלייה",
  "456  -  פלימן משה 8 קניון קסטרא, חיפה",
  "201  -  עבד אל כרים קאסם 0 , כפר קאסם",
  "700  -  הנביאים 18 , חיפה",
  "599  -  אגודת הפועל בנין 2 2 הגו הטכנולוגי, ירושלים",
  "644  -  חטיבת הנגב 3 , אילת",
  "777  -  סנפיר 10 , תל אביב -יפו",
  "607  -  דרך ההגנה 63 , תל אביב -יפו",
  "759  -  ההסתדרות 108 , חולון",
  "612  -  הרצל 32 , נתניה",
  "594  -  שד' ירושלים 42 , באר שבע",
  "469  -  אבן גבירול 161 , תל אביב -יפו",
  "458  -  דרך החטיבות 0 קניון לב העיר, ת\"ד 14962, נצרת עילית",
  "746  -  דרך עכו 192 דרך עכו 192, קריית ביאליק",
  "532  -  דניאל פריש 3 , תל אביב -יפו",
  "538  -  כיסופים 15 , ירושלים",
  "783  -  ככר ציון 1 , ירושלים",
  "234  -  מורשת ישראל 15 נאות שקמה, ראשון לציון",
  "266  -  חזון איש 15 רח' חזון איש 15, בני ברק, בני ברק",
  "606  -  ברודצקי 17 , תל אביב -יפו",
  "636  -  הבנים 1 , נס ציונה",
  "635  -  שדרות יעקב 50 , ראשון לציון",
  "207  -  קניון סאלח- דבאח 0 , דייר אל-אסד",
  "286  -  דרך רמת הגולן 27 המרכז האוניברסיטאי אריאל, אריאל",
  "643  -  ההסתדרות 11 , אזור",
  "564  -  מבצע יואב 49 , באר שבע",
  "533  -  מלכי ישראל 1 , ירושלים",
  "535  -  הירקון 104 , תל אביב -יפו",
  "213  -  הפסגה 39 א , ירושלים",
  "56  -  צומת העוגן 1 צומת העוגן מתחם אלון השרון, משמר השרון",
  "780  -  יגאל אלון 65 , תל אביב -יפו",
  "799  -  שד' רוטשילד 50 , תל אביב -יפו",
  "490  -  הברזל 15 , תל אביב -יפו",
  "476  -  קלאוזנר 9 , קרית השרון נתניה, נתניה",
  "755  -  חניתה 40 , חיפה",
  "175  -  רחוב שמשון, ת.ד. 2638 5 קריית שדה התעופה, פתח תקווה",
  "630  -  סוקולוב 90 , רמת השרון",
  "587  -  שמחה גולן 54 , חיפה",
  "589  -  בילו 2 , רחובות",
  "731  -  ג'ונבלאט שכונת אלעיין 0 רח' ג'ונבלאט, שפרעם",
  "160  -  שד' יוהנה ז'בוטינסקי 36 , באר שבע",
  "641  -  נחלת יצחק 8 , תל אביב -יפו",
  "631  -  העצמאות 40 , באר שבע",
  "543  -  כורזין 5 אזור תעשיה, ת\"ד 805, גבעתיים",
  "581  -  כביש טבריה מג'אר 0 בנין חשמל אחים הינו, מגאר",
  "91  -  מנחם בגין 38 , גבעת שמואל",
  "691  -  יעקב טהון 9 , ירושלים",
  "877  -  המצודה 10 , אזור",
  "477  -  הר בוקר 7 מרכז מסחרי שכונת רמות, באר שבע"
]},
{"bank":"מזרחי טפחות","localBank":[
  "522  -  אבא אבן 12 א.תעשיה הרצליה, הרצלייה",
  "501  -  אבא הילל סילבר 13 , לוד",
  "544  -  קק''ל 130, באר שבע",
  "617 - אבא הילל סילבר 13, לוד",
  "622  -  ששת הימים 30 , בני ברק",
  "403  -  הלני המלכה 9 , ירושלים",
  "560  -  מרכז מסחרי שו\"פ 1 , נצרת עילית",
  "655  -  אפעל 25 , פתח תקווה",
  "497  -  רחבעם זאבי 1 , קרני שומרון",
  "524  -  ככר ויצמן 32 , תל אביב -יפו",
  "488  -  אבא הלל סילבר 13 , לוד",
  "647  -  ויצמן 132, כפר סבא",
  "660  -  הרוקמים 26 , חולון",
  "515  -  בן גוריון 38 , רמת גן",
  "444  -  פלי\"ם 11 , חיפה",
  "631  -  ששת הימים 30 , בני ברק",
  "422  -  סמילנסקי 4 , נתניה",
  "727  -  אהרון בקר 8, תל אביב",
  "638  -  ששת הימים 30 , בני ברק",
  "467  -  הכלנית 2 , קריית אונו",
  "470  -  שד' התמרים 1 , אילת",
  "476  -  שד' טרפון 1 , בני ברק",
  "402  -  הלני המלכה 9 , ירושלים",
  "635  -  אפעל 25 , פתח תקווה",
  "585  -  הגליל 217, סכנין",
  "576  -  אבא הלל סילבר 13 , לוד",
  "458  -  גבעת שאול 24 , ירושלים",
  "550  -  רוטשילד 73 , פתח תקווה",
  "618  -  טרמינל 3 1 מתחם הדיוטי פרי, נמל תעופה בן-גוריון",
  "652  -  אבא הילל סילבר 12 , רמת גן",
  "582  -  התמר 2 , יקנעם עילית",
  "415  -  סוקולוב 6 , הרצלייה",
  "523  -  דרך בר יהודה 63 תל חנן, נשר",
  "557  -  יגאל אלון 94, תל אביב-יפו",
  "429  -  הגזית 7, פתח תקווה",
  "702 - יודפת 2, לוד, 7129463",
  "417  -  מלכי ישראל 16 , ירושלים",
  "406  -  סלמה 4 , תל אביב -יפו",
  "529  -  רחוב מורשת ישראל 15 קניון הבאר, ראשון לציון",
  "632  -  הרוקמים 26 , חולון",
  "448  -  זבולון 4 , קריית אתא",
  "459  -  תפארת ישראל 16 , ירושלים",
  "453  -  דיזנגוף 45 דיזנגוף סנטר, תל אביב -יפו",
  "642  -  ששת הימים 30 , בני ברק",
  "600  -  יד חרוצים 15 , ירושלים",
  "537  -  מרכז מסחרי 1 בנין העיריה, אום אל-פחם",
  "564  -  פלי\"ם 11 , חיפה",
  "495  -  לישנסקי 3 אזור תעשיה, ראשון לציון",
  "430  -  טרפון 1 , בני ברק",
  "664  -  ששת הימים 30 , בני ברק",
  "499  -  אבא הילל סילבר 13 , לוד",
  "577  -  אבא הילל סילבר 13 , לוד",
  "473  -  הבנים 17 , פרדס חנה-כרכור",
  "509  -  אבא הלל סילבר 13 , לוד",
  "552  -  שד' שאול עמור 77 , מגדל העמק",
  "548  -  העצמאות 65 , פתח תקווה",
  "423  -  אחוזה 96 , רעננה",
  "667  -  החשמונאים 123 , תל אביב -יפו",
  "405  -  ויצמן 32 , תל אביב -יפו",
  "441  -  הנביאים 26 , חיפה",
  "463  -  עלי בן אבי טאלב 1 , כפר קאסם",
  "438  -  שד' ויצמן 1 קניון אורות, אור עקיבא",
  "644  -  ששת הימים 30 , בני ברק",
  "475  -  אלנבי 105 , תל אביב -יפו",
  "591  -  אגריפס 88, ירושלים",
  "527  -  גולדה מאיר 7 , חולון",
  "634  -  הרוקמים 26 , חולון",
  "669  -  הרצל 60, נתניה",
  "73  -  מרכז קבלנים 1 , קציר-חריש",
  "411  -  גולדה מאיר 7 , חולון",
  "427  -  כצנלסון 5 , אשקלון",
  "431  -  סיבים 2 , פתח תקווה",
  "418  -  התבור 1 קרית שדה התעופה, נמל תעופה בן-גוריון",
  "447  -  דרך בר יהודה 63 , נשר",
  "641  -  ששת הימים 30 , בני ברק",
  "558  -  שלמה שרירא 3 קניון צים סנטרס, מעלות-תרשיחא",
  "639  -  לינקולין 19 , תל אביב -יפו",
  "481  -  הנשיאים 45 , פתח תקווה",
  "480  -  ז'בוטינסקי 7 , רמת גן",
  "623  -  הרוקמים 26 , חולון",
  "731  -  אחוזה 153, רעננה",
  "409  -  אלנבי 105 , תל אביב -יפו",
  "510  -  אבא הלל סילבר 13 , לוד",
  "733  -  גושן 25, קרית מוצקין",
  "519  -  שנקר 14 קרית אריה פתח תקוה, פתח תקווה",
  "626  -  ששת הימים 30 , בני ברק",
  "440  -  ז'בוטינסקי 7 , רמת גן",
  "528  -  הברזל 26 רמת החייל, תל אביב -יפו",
  "412  -  סוקולוב 80 , חולון",
  "563  -  גולדה מאיר 255 , ירושלים",
  "539  -  כנפי נשרים 7 , ירושלים",
  "649  -  אפעל 25 , פתח תקווה",
  "732  -  שטמפפר 17, נתניה",
  "472  -  סוקולוב 67 , רמת השרון",
  "992  -  בית המכס 1 בנין ממ\"ן, נמל תעופה בן-גוריון",
  "428  -  ירושלים 17 מרכז מסחרי, נתיבות",
  "477  -  ז'בוטינסקי 7 , רמת גן",
  "636  -  אפעל 25 , פתח תקווה",
  "454  -  מעלה מיכאל 5 , אלון שבות",
  "419  -  המשביר 19 , חולון",
  "540  -  הדוגית 16 , יבנה",
  "596  -  ז'בוטינסקי 7 , רמת גן",
  "553  -  ברקת 3 פינת ספיר 7, נתניה",
  "492  -  טרומפלדור 54 , חיפה",
  "483  -  רחבעם זאבי 1 , קרני שומרון",
  "566  -  דרך מצדה 6 , באר שבע",
  "432  -  שד' הרצל 92 , רמלה",
  "567  -  יגאל אלון 6 , בית שמש",
  "589  -  מחמוד דרויש 1, טייבה",
  "551  -  ז'בוטינסקי 3 בנין פז, רמת גן",
  "621  -  שדרות רוטשילד 46 , תל אביב -יפו",
  "561  -  זרחין 13 , רעננה",
  "580  -  ז'בוטינסקי 7 , רמת גן",
  "648  -  הרוקמים 26 , חולון",
  "645  -  ששת הימים 30 , בני ברק",
  "542  -  בני ברמן 2 רמת פולג, נתניה",
  "434  -  הרצל 35 , רחובות",
  "637  -  אפעל 25 , פתח תקווה",
  "410  -  ויצמן 32 ככר המדינה, תל אביב -יפו",
  "538  -  די סנטר 1 , כפר יאסיף",
  "511  -  הבנים 5 , נס ציונה",
  "426  -  קרן היסוד 31 , באר שבע",
  "615  -  האורגים 11 , אשדוד",
  "562  -  רח' העליה ב' 4 , צפת",
  "531  -  אבא הלל סילבר 13 , לוד",
  "583  -  ירושלים 24 , בני ברק",
  "689  -  ז'בוטינסקי 7 , רמת גן",
  "525  -  דרך משה דיין 3 קניון סביונים, יהוד",
  "474  -  ירושלים 4 , עפולה",
  "468  -  חזון איש 13 , בני ברק",
  "728  -  העמל 1 , ראש העין",
  "624  -  דרך השלום 53 , גבעתיים",
  "435  -  הרצל 73 , ראשון לציון",
  "536  -  אבא הלל סילבר 13 , לוד",
  "640  -  ששת הימים 30 , בני ברק",
  "465  -  רוטשילד 73 , פתח תקווה",
  "597  -  אבא הילל סילבר 13 , לוד",
  "590  -  הנדיב 13, זכרון יעקב",
  "451  -  אבא הלל סילבר 13 , לוד",
  "628  -  הרוקמים 26 , חולון",
  "457  -  יד חרוצים 15 , ירושלים",
  "521  -  לב העיר 2 קניון עזריאלי, מודיעין מכבים רעות",
  "604  -  אפעל 25 , פתח תקווה",
  "461  -  אלנבי 105 , תל אביב -יפו",
  "571  -  אבא הלל סילבר 13 , לוד",
  "594  -  שמאי 10, ירושלים",
  "570  -  כהנמן 108 , בני ברק",
  "68  -  חזון איש 9 , בני ברק",
  "546  -  אבא הלל סילבר 13 , לוד",
  "593  -  דרך ארץ 33, קציר",
  "455  -  ויצמן 65 , גבעתיים",
  "446  -  שד' ירושלים 3 , קריית ים",
  "722 - שד' יחזקאל 2, מודיעין עילית",
  "526  -  ויצמן 61 , כפר סבא",
  "654  -  ששת הימים 30 , בני ברק",
  "407  -  בן יהודה 32 , תל אביב -יפו",
  "491  -  כצנלסון 5 , אשקלון",
  "514  -  דרך העצמאות 16 , יהוד",
  "581  -  סולטאן באשא אלאטרש 1, שפרעם",
  "554  -  בלפור 110 , בת ים",
  "670  -  מרדכי אנילביץ 56 , תל אביב -יפו",
  "471  -  ריב\"ל 7 , תל אביב -יפו",
  "479  -  שמואל בייט 12 , ירושלים",
  "466  -  ז'בוטינסקי 1 בורסת יהלומים, רמת גן",
  "559  -  הגליל 22 , נצרת",
  "413  -  ארלוזורוב 1 , רמת גן",
  "494  -  החשמונאים 123 , תל אביב -יפו",
  "549  -  אלקודס 1 פינת אל בירייה, באקה אל-גרביה",
  "572  -  אבא הלל סילבר 13 , לוד",
  "556  -  החשמונאים 123 , תל אביב -יפו",
  "443  -  געתון 27 , נהרייה",
  "464  -  קק\"ל 130 , באר שבע",
  "730  -  סוקולוב 15, הוד השרון",
  "534  -  חיים לנדאו 6 מרום נווה, רמת גן",
  "452  -  סמילנסקי 4 , נתניה",
  "401  -  בן יהודה 12 , ירושלים",
  "442  -  מרכז תחנת דלק 1 , שלומי",
  "513  -  החרושת 9 , כרמיאל",
  "17  -  הישיבה 4 , ירושלים",
  "673  -  ז'בוטינסקי 7 , רמת גן",
  "658  -  ששת הימים 30 , בני ברק",
  "657  -  הרצל 163 , רחובות",
  "478  -  בן יהודה 32 , תל אביב -יפו",
  "456  -  שד' הנשיא, 1 מרכז מסחרי, דימונה",
  "592  -  אריאל שרון 8, אור יהודה",
  "484  -  סמטת הפלדה 8 , שדרות",
  "424  -  ויצמן 132 , כפר סבא",
  "629  -  אפעל 25 , פתח תקווה",
  "573  -  אבא הלל סילבר 13 , לוד",
  "518  -  דרך עכו 194 , קריית ביאליק",
  "646  -  ששת הימים 30 , בני ברק",
  "530  -  שד' מנם בגין 38 קניון הגבעה, גבעת שמואל",
  "425  -  בלפור 58 , בת ים",
  "420  -  הרצל 23 , חדרה",
  "489  -  שדרות חן 34 , ערד",
  "643  -  ששת הימים 30 , בני ברק",
  "565  -  שד' ירושלים 12 אשדוד סיטי, אשדוד",
  "460  -  רח' בן יהודה 12 , ירושלים",
  "547  -  אמיר גלבוע 14 , תל אביב -יפו",
  "30  -  ירושלים 24 , בני ברק",
  "541  -  בני ברמן 2 רמת פולג, נתניה",
  "421  -  אבן גבירול 71 , תל אביב -יפו",
  "574  -  אבא הלל סילבר 13 , לוד",
  "502  -  שד' ירושלים 12 אשדוד סיטי, אשדוד",
  "665  -  ששת הימים 30 , בני ברק",
  "445  -  בן עמי 47 , עכו",
  "490  -  אדמונד דה רוטשילד 8 , אשקלון",
  "414  -  אוניברסיטת בר אילן 1 אוניברסיטת בר אילן, גבעת שמואל",
  "505  -  אנדרה סחרוב 6 , חיפה",
  "543  -  שבזי 55 , ראש העין",
  "416  -  רוגוזין , מרכז מסחרי א' 3 , אשדוד",
  "512  -  דרך רמתיים 108 , הוד השרון",
  "517  -  יד חרוצים 15 , ירושלים",
  "999  -  בית חולים שערי צדק 0 , ירושלים",
  "555  -  שד' קוגל 25 , חולון",
  "493  -  טאגור 38 , תל אביב -יפו",
  "439  -  שאול המלך 18 , בית שאן",
  "569  -  פארן , 5 רמת אשכול, ירושלים",
  "487  -  שדרות תל חי 77 , קריית שמונה",
  "503  -  אבא הילל סילבר 13 , לוד",
  "633  -  אבא הלל סילבר 12 , רמת גן",
  "436  -  סלמה 4 , תל אביב -יפו",
  "533  -  התע\"ש 13 , כפר סבא",
  "688  -  לינקולין 19 , תל אביב -יפו",
  "450  -  ז'בוטינסקי 22 , קריית מלאכי",
  "408  -  ריב\"ל 7 , תל אביב -יפו",
  "462  -  הבנים, פינת הירדן 1 , טבריה",
  "653  -  ששת הימים 30 , בני ברק",
  "723  -  אחוזת בית 6, תל אביב",
  "496  -  אחוזה 96 , רעננה",
  "630  -  אפעל 25 , פתח תקווה",
  "469  -  סלמה 54 , תל אביב -יפו",
  "627  -  הברזל 19 , תל אביב -יפו",
  "532  -  המדע 6 פארק המדע רחובות, רחובות",
  "433  -  שד' לכיש 11 , קריית גת",
  "568  -  הלני המלכה 9 , ירושלים",
  "729  -  שמגר 10, ירושלים",
  "726  -  שמאי 1, אלעד",
  "449  -  שד' הנשיא 137 , חיפה",
  "437  -  הרצל פינת רח' קדש 32 מרכז המסחרי, אופקים",
  "520  -  הלני המלכה 9 , ירושלים"
]},
{"bank":"אלאסכאן אלאורדוני","localBank":["1  -  אלאסכאן אלאורדוני"]},
{"bank":"יובנק", "localBank":[
  "290  -  שדרות רוטשילד 38 , תל אביב -יפו",
  "280  -  אחוזה 124, רעננה",
  "286  -  שדרות רוטשילד 38 , תל אביב -יפו",
  "274  -  משכית 35 , הרצליה",
  "262  -  עזה 27, ירושלים",
  "275  -  ה' באייר 62 , תל אביב -יפו",
  "289  -  הבנקים 3 , חיפה",
  "287  -  שדרות רוטשילד 38 , תל אביב -יפו",
  "278  -  ילדי טהרן 5 , ראשון לציון",
  "272  -  ויצמן 32, תל אביב",
  "273  -  שד' רוטשילד 42 , תל אביב -יפו",
  "288  -  קרן היסוד 32 , ירושלים",
  "276  -  המעפילים 15 , רמת השרון",
  "279  -  הרצל 18, רחובות"
]},
{"bank":"הדואר","localBank":["הדואר"]},
{"bank":"הבינלאומי הראשון","localBank":[
  "21  -  רוטשילד 56 , כפר סבא",
  "34  -  רחוב שפיגל 3 , פתח תקווה",
  "118  -  הצופית 40 , רמלה",
  "274  -  משכית 35 , הרצלייה",
  "78  -  המשביר 1 א.ת. חולון, חולון",
  "2  -  ככר רבין (רסקו) 1 , טבריה",
  "172  -  כיסופים 17 , ירושלים",
  "138  -  קריית הטכניון, בניין אגודת הסטודנטים , חיפה מיקוד 320000",
  "190  -  אחד העם (מגדל שלום) 9 , תל אביב -יפו",
  "275  -  ה' באייר 62 , תל אביב -יפו",
  "70  -  גושן 18 , קריית מוצקין",
  "32  -  רוטשילד 14 , ראשון לציון",
  "22  -  הרצל 5 , נתניה",
  "179  -  נחל קישון 48 , בית שמש",
  "36  -  יגאל אלון 18, ראש העין",
  "168  -  אהרונוביץ 10 , בני ברק",
  "1  -  האגס 1 , ראש פינה",
  "101  -  בלוך 2 , תל אביב -יפו",
  "984  -  אבני נזר 46 , מודיעין עילית",
  "988  -  אהרונוביץ 10 , בני ברק",
  "119  -  ילדי טהרן 5 מתחם הפאואר סנטר החדש, ראשון לציון",
  "85 - רחוב הסייפן 33 , רמת השרון",
  "182  -  כנפי נשרים 24 ת.ד. 575, ירושלים",
  "95  -  העצמאות 65, קניון כפר גנים, גבעת שמואל",
  "12  -  הלל 10 , ירושלים",
  "128  -  פיקוס פינת ערער, מודיעין-מכבים-רעות",
  "28  -  שנקין 3 , גבעתיים",
  "62  -  הזית 54 השוק החדש, קריית גת",
  "276  -  המעפילים 15 , רמת השרון",
  "59  -  החרושת 15 , כרמיאל",
  "019 - יצחק מודעי 30 , באר שבע",
  "92  -  אחוזה 124 פינת רחוב בר אילן, רעננה",
  "298  -  שד' רוטשילד 42 , תל אביב -יפו",
  "181  -  קניון סירקין, רח' אלעזר פרידמן 9 , פתח תקווה",
  "39  -  יוספטל 92 ,קניון בת ים, בת ים",
  "977  -  רבי עקיבא 7 גבעה A, ביתר עילית",
  "24  -  האורזים 1 שכונת קריית השרון, נתניה",
  "188  -  יעקב לנדאו 4 , בני ברק",
  "37  -  הבנים 12 , הוד השרון",
  "296  -  קבוץ גלויות 34 , תל אביב -יפו",
  "114  -  כנפי נשרים 2 , ירושלים",
  "290  -  שדרות רוטשילד 38 , תל אביב -יפו",
  "35  -  שלמה המלך 37 קניון קיראון, קריית אונו",
  "6  -  חלוצי התעשייה 20 , חיפה",
  "134  -  המרגנית 2 , חולון",
  "110  -  דרך העצמאות 56 , יהוד",
  "187  -  ארלוזורוב 13 , חיפה",
  "48  -  יצחק שדה 7 , תל אביב -יפו",
  "23  -  דרך בן גוריון 11 , בני ברק",
  "91  -  שלמה שרירא 3 , קניון צים, מעלות",
  "29  -  הרצל 182 , רחובות",
  "183  -  רבי עקיבא 86 , בני ברק",
  "174  -  עזרא 4 , רחובות",
  "15  -  ממילא 5 , ירושלים",
  "135  -  רפפורט 1 , כפר סבא",
  "44  -  החשמונאים 84 , תל אביב -יפו",
  "986  -  רשב\"י 15 רובע ז', אשדוד",
  "121  -  ראול ולנברג 4 רמת החייל, תל אביב -יפו",
  "127  -  אינשטיין 7 תל אביב, תל אביב -יפו",
  "088  -  שד' מנחם בגין 7 , מרכז צימר, אשדוד",
  "60  -  רוטשילד 42 , תל אביב -יפו",
  "286  -  שדרות רוטשילד 38 , תל אביב -יפו",
  "297  -  אברהם בומה שביט 5 , ראשון לציון",
  "8  -  קרן היסוד 68 , קריית ביאליק",
  "51  -  משכית 35 , הרצלייה",
  "120  -  מרכז מסחרי חדש 1 , כפר ורדים",
  "41  -  ביאליק 10 , רמת גן",
  "3  -  שדרות התמרים 11 , אילת",
  "173  -  שד' ירושלים 136 , נתיבות",
  "287  -  שדרות רוטשילד 38 , תל אביב -יפו",
  "20  -  שנקר 12 , פתח תקווה",
  "64  -  צמרות 2 , הרצלייה",
  "93  -  ויצמן 32 בית לסין, תל אביב -יפו",
  "82  -  בית צורי 15 רמת אביב ג', תל אביב -יפו",
  "132  -  אדמונד דה רוטשילד 8 , אשקלון",
  "7  -  קומוי 1 , חיפה",
  "חלוצי תעשייה 20, חיפה, 2629420",
  "175  -  שמגר 16 , ירושלים",
  "61  -  שד' יעלים 42 , באר שבע",
  "26  -  תובל 23 , רמת גן",
  "52  -  שד' הגעתון 41 , נהרייה",
  "185  -  עמוס 12 שכונת גאולה, ירושלים",
  "131  -  שד' רבין 9 , יקנעם עילית",
  "17  -  בן צבי 9 , לב הסיטי, באר שבע",
  "9  -  אלחנן 1 , חיפה",
  "76  -  האורגים 7 , אשדוד",
  "45  -  סקולוב 41 , חולון",
  "189  -  שדרות רוטשילד 42 , תל אביב -יפו",
  "130  -  מגדלי מת\"ם 6 , חיפה",
  "295  -  דרך בן גוריון 28 , רמת גן",
  "46  -  שד' רוטשילד 42 , תל אביב -יפו",
  "279  -  המדע 1 , רחובות",
  "111  -  חטיבה 9 23 , עפולה",
  "273  -  שד' רוטשילד 42 , תל אביב -יפו",
  "008 - דרך עכו 192, קירית ביאליק 2723206",
  "186  -  דב גור 8 רובע ו, אשדוד",
  "916  -  שד' הנשיא 127 , חיפה",
  "65  -  ריינס 2 ככר דיזנגוף, תל אביב -יפו",
  "116  -  שד' רוטשילד 42 קומה 25, תל אביב -יפו",
  "94  -  פנחס רוזן 72 , תל אביב -יפו",
  "981  -  מנחם בגין 94 , פתח תקווה",
  "126  -  תובל 23 , רמת גן",
  "176  -  בן שטח 10 , אלעד",
  "124  -  ראשון לציון 1 , פתח תקווה",
  "222  -  אברהם בומה שביט 5, ראשון לציון",
  "30  -  שד' הרצל 63 , רמלה",
  "55  -  קיבוץ גלויות 71 , תל אביב -יפו",
  "288  -  קרן היסוד 32 , ירושלים",
  "105  -  רחוב עזרא 4 , רחובות 7620015",
  "177  -  הר\"ן 6 כיכר העיר בגבעה B, ביתר עילית",
  "67  -  אחד העם 9 , תל אביב -יפו",
  "13  -  עזה 27 , ירושלים",
  "33  -  שד' מנחם בגין קניון הסיטי 1 , אשדוד",
  "50  -  שד' תל חי פינת סלינגר 1 , קריית שמונה",
  "117  -  משעול תפן 2 , כרמיאל",
  "112  -  לסקוב 1 רמת גולדה, חיפה",
  "280  -  ירושלים 34 בית גמלא, רעננה",
  "38  -  הנוף 33 , סביון",
  "74  -  דרך חברון 98 , ירושלים",
  "180  -  שד' יחזקאל 2 , מודיעין עילית",
  "109  -  רמז 5 מרכז מסחרי חדש, אשקלון",
  "27  -  הלל יפה 22 , חדרה"
]},
{"bank":"וואן זירו הבנק הדיגיטלי בע\"מ","localBank":[
  "1  -  עמינדב 3 , תל אביב -יפו",
  "400  -  עמינדב 3 , תל אביב -יפו",
  "410  -  עמינדב 3 , תל אביב -יפו",
  "50  -  עמינדב 3 , תל אביב -יפו",
  "300  -  עמינדב 3 , תל אביב -יפו"
]},
{"bank":"יהב","localBank":[
  "144  -  אבא חושי 199 אוניברסיטת חיפה, אבא חושי 199 חיפה, חיפה",
  "114  -  הבנים 1 רח' הבנים 1, מרכז הקריה, אשדוד, אשדוד",
  "136  -  ישראל גלילי 3 ישראל גלילי 3 קרית הלאום, ראשון לציון",
  "138  -  הנשיא ויצמן 21 הנשיא 21, חדרה",
  "30  -  הלוחמים 62 בית חולים וולפסון, חולון",
  "123  -  ירמיהו 80 ירמיהו 80, ירושלים",
  "146  -  ירמיהו 80 ירמיהו 80, ירושלים",
  "116  -  גינות אילון 10 מודיעין סנטר, מודיעין-מכבים-רעות",
  "246  -  ככר רבין 1 ככר רבין. רסקו., טבריה",
  "118  -  ויצמן 50 ויצמן 50 כפר סבא, כפר סבא",
  "44  -  דרך השלום 1 דרך השלום בית החולים הלל יפה חדרה, חדרה",
  "130  -  שארית ישראל 35 שארית ישראל 35, תל אביב -יפו",
  "131  -  הארבעה 19 הארבעה 19, תל אביב -יפו",
  "132  -  ביה\"ח שיבא, תל השומר 9 ביתן 9 ביהח תל השומר, רמת גן",
  "497  -  שד' משה דיין 106 קניון הפסגה משה דיין 106, ירושלים",
  "120  -  הלל 14 הלל 14 ירושלים, ירושלים",
  "150  -  מאיר דיזינגוף 1 , באר יעקב",
  "461  -  יגאל אלון 3 קניון ביג פאשן, בית שמש",
  "133  -  הרצל 23 הרצל 23, נתניה",
  "233  -  רח' העליה השנייה 8 בית החולים רמב\"ם העליה 8, חיפה",
  "7  -  אגודת הספורט בית\"ר 1 קניון עזריאלי מלחה ירושלים, ירושלים",
  "279  -  ויצמן 27 ויצמן 27, קריית ביאליק",
  "134  -  לוד נתב\"ג 1 טרמינל 1 לוד, אזור רמלה של\"ש",
  "128  -  כיכר פ''ז 3 קניון לב העיר, קרית גת",
  "488  -  הנשיא השישי 14 הנשיא השישי 14, ירושלים",
  "142  -  המלאכה 3 בנין לב העסקים המלאכה 3, נצרת עילית",
  "430  -  הרצל 52 רח' הרצל 52, ראשון לציון, ראשון לציון",
  "311  -  שד' מוריה 44 שד' מוריה 44, חיפה, חיפה",
  "117  -  מרכז הנגב דרך מצדה 6 דרך מצדה 6, באר שבע",
  "119  -  המכבים 3 המכבים 3, פתח תקווה",
  "148  -  ירמיהו 80 ירמיהו 80, ירושלים",
  "281  -  פתן 5 פתן 5, אילת",
  "129  -  כנפי נשרים 15 כנפי נשרים 15, ירושלים",
  "115  -  מנחם בגין 125 רח' מנחם בגין 125 תל אביב, תל אביב -יפו",
  "195  -  ויצמן 14 ביה\"ח איכילוב ויצמן 14תל אביב, תל אביב -יפו",
  "278  -  הלל וחנן אופנהיימר 2 אופנהימר 2, רחובות",
  "145  -  ירמיהו 80 , ירושלים",
  "245  -  יהשוע חנקין 14 קניון העמקים , יהושוע חנקין 14, עפולה",
  "124  -  שדרות שז\"ר 33 שד' שז\"ר 33 באר שבע, באר שבע",
  "141  -  הרצל 64 מרכז הגעתון הרצל 64, נהרייה",
  "125  -  שד' בן גוריון 13 שד' בן גוריון 13, אשקלון",
  "137  -  אסף סנטר 1 ביה\"ח אסף הרופא, קניון אסף סנטר, באר יעקב",
  "236  -  צומת גלילות 1 בניין רב מכר, סינמה סיטי, רמת השרון",
  "140  -  דרך העצמאות 36 העצמאות 36, חיפה",
  "284  -  יהושוע חנקין 95 חנקין 95, חולון",
  "280  -  מעלה כמון 5 מעלה כמון 5, כרמיאל",
  "149  -  ירמיהו 80 ירמיהו 80, ירושלים",
  "171  -  בלפור 72 בלפור 72, בת ים",
  "135  -  הלוחמים 62 בית חולים וולפסון, חולון",
  "401  -  דרך בן גוריון 22 בן גוריון 22, רמת גן",
  "121  -  לח\"י 23 , מלון דן 2 מלון דן לח\"י 32 ירושלים, ירושלים",
  "193  -  דרך קדם 5 קניון אדומים, מעלה אדומים"
]},
{"bank":"אגוד","localBank":[
  "51  -  בן יהודה 1 9462401, ירושלים",
  "152  -  סוקולוב 15 4528444, הוד השרון",
  "148  -  אהרונוביץ 10 5137705, בני ברק",
  "156  -  היבנר 29 4940033, פתח תקווה",
  "62  -  ז'בוטינסקי 1 5252005, רמת גן",
  "143  -  שמאי 1 4080101, אלעד",
  "64  -  אהרון בקר 8 6964316, תל אביב -יפו",
  "81  -  פלי\"ם 6 3309509, חיפה",
  "157  -  ויצמן 32 6209105, תל אביב -יפו",
  "70  -  ההסתדרות 26 4954043, פתח תקווה",
  "73  -  ניסנבאום 33 5962025, בת ים",
  "66  -  גורדון 42 6341416, תל אביב -יפו",
  "146  -  מלכי ישראל 178 8205002, קריית גת",
  "94  -  יצחק בן צבי 7 8489325, באר שבע",
  "165  -  שמגר 10, ירושלים",
  "155  -  סוקולוב 90 4723716, רמת השרון",
  "992  -  אחד העם 9 6525101, תל אביב -יפו",
  "198  -  אחוזת בית 6 6514304, תל אביב -יפו",
  "192  -  הגדוד העברי 10 7859507, אשקלון",
  "125  -  אחד העם 9 6525101, תל אביב -יפו",
  "197  -  אחוזת בית 6 6514304, תל אביב -יפו",
  "190  -  שד' הגעתון 26 2240117, נהרייה",
  "93  -  אחד העם 1 7626101, רחובות",
  "71  -  שדרות ירושלים 12 7752305, אשדוד",
  "76  -  משה דיין 14 4951814, פתח תקווה",
  "123  -  התע\"ש 28 4442529, כפר סבא",
  "154  -  גינת עמק זבולון 24 7177683, מודיעין-מכבים-רעות",
  "55  -  רח' אבא הלל סילבר 12 5250606, רמת גן",
  "140  -  אחד העם 9 6525101, תל אביב -יפו",
  "95  -  הבונים 3 4250452, נתניה",
  "153  -  דבורה 16 2636211, קריית מוצקין",
  "147  -  יהודה הנשיא 2 , בית שמש",
  "83  -  מחניים 4 3463413, חיפה",
  "78  -  המלאכה 22 4809162, ראש העין",
  "79  -  הסדנאות 9 4672836, הרצלייה",
  "142  -  החושן 6 9079562, מבשרת ציון",
  "144  -  שלמה המלך 40 5542136, קריית אונו",
  "72  -  סוקולוב 38 4649755, הרצלייה",
  "158  -  פנחס אילון 13 5845907, חולון",
  "74  -  משה לוי 11 7565828, ראשון לציון",
  "92  -  הרצל 18 3842110, חדרה",
  "75  -  אחוזה 153 153 4337331, רעננה",
  "91  -  שטמפפר 17 4240230, נתניה",
  "196  -  אחוזת בית 6 6514304, תל אביב -יפו",
  "56  -  רח' מוריה 30 3457201, חיפה",
  "159  -  ז'בוטינסקי 20 7522905, ראשון לציון",
  "63  -  אחוזת בית 6 6514304, תל אביב -יפו"
]},
{"bank":"דיסקונט","localBank":[
  "468  -  הרצל 160 , תל אביב -יפו",
  "517  -  הנריאטה סולד 8 , באר שבע",
  "46  -  הירדן 1 הככר הסקוטית, טבריה",
  "62  -  עמק רפאים 21 , ירושלים",
  "303  -  לב העיר 2 , מודיעין מכבים רעות",
  "418  -  ז'בוטינסקי 71-74 , פתח תקווה",
  "68  -  סולטן סולימן 19 , ירושלים",
  "66  -  קרן היסוד 5 , ירושלים",
  "305  -  יהודה הלוי 23 , תל אביב -יפו",
  "7  -  בן גוריון 259 , רמת גן",
  "60  -  בן יהודה 11 , ירושלים",
  "731 - שד' האמוראים 30, בית שמש",
  "74  -  שדרות טרומפלדור 53 , חיפה",
  "145  -  ויצמן 19 , גבעתיים",
  "202  -  יהודה הלוי 17 , תל אביב -יפו",
  "167  -  יגאל אלון 3 קניון BIG FASHION, בית שמש",
  "175  -  הירמוך 1 , יבנה",
  "181  -  יהודה הלוי 31-27 , תל אביב -יפו",
  "109  -  פארן 9 , ירושלים",
  "148  -  בלפור 97 , בת ים",
  "42  -  סמילנסקי 6 , נתניה",
  "568  -  דרך מנחם בגין 132 מגדלי עזריאלי, בניין מרובע קומה 33, תל אביב -יפו",
  "138  -  שדרות ירושלים 29 , קריית ים",
  "99  -  בן עמי 38 , עכו",
  "199  -  שנקר 4 , הרצלייה",
  "58  -  דרך בן גוריון 13 , בני ברק",
  "506  -  מורשת ישראל 15 נווה שקמה, ראשון לציון",
  "183  -  יהודה הלוי 31-27 , תל אביב -יפו",
  "212  -  דרך מנחם בגין 52 בית סונול, תל אביב -יפו",
  "232  -  דרך מנחם בגין 132 מגדלי עזריאלי, בניין מרובע קומה 33, תל אביב -יפו",
  "102  -  גולני 29 , רמת גן",
  "19  -  בן יהודה 71 , תל אביב -יפו",
  "137  -  דרך העצמאות 1 , מגדל העמק",
  "61  -  רח' יפו 121 , ירושלים",
  "79  -  פנחס בן דוד 1 , רחובות",
  "187  -  הבנים 14 , הוד השרון",
  "384  -  פרופסור פלאוט 10 קרית המדע, רחובות",
  "44  -  סוקולוב 22 , הרצלייה",
  "190  -  יהודה הלוי 27 , תל אביב -יפו",
  "86  -  ברודצקי 19 , תל אביב -יפו",
  "535  -  האצ\"ל 53 , ראשון לציון",
  "136  -  שלמה המלך 38 , קריית אונו",
  "65  -  בורוכוב 74 , ירושלים",
  "45  -  הרצל 190 , רחובות",
  "96  -  לנדאו 7 מרום סנטר, רמת גן",
  "443  -  דרך עכו 194 הקריון, קריית ביאליק",
  "380  -  אבא הלל סילבר 12 , רמת גן",
  "398  -  בי\"ח שיבא 0 , רמת גן",
  "93  -  קזנובה 303 , נצרת",
  "340  -  מדינת היהודים 89 , הרצלייה",
  "80  -  ז'בוטינסקי 3 , רמת גן",
  "75  -  שדרות משה גושן 20 , קריית מוצקין",
  "54  -  ויצמן 75 , כפר סבא",
  "383  -  דרך עכו 194 , קריית ביאליק",
  "83  -  דיזנגוף 191 , תל אביב -יפו",
  "198  -  רמת אביב ג' 25 מרכז שוסטר, תל אביב -יפו",
  "185  -  יהודה הלוי 31-27 , תל אביב -יפו",
  "94  -  שד' דוד טוביהו 125 , באר שבע",
  "77  -  העצמאות 61 , קריית אתא",
  "188  -  סחרוב 18 א.ת מערב ראשל\"צ, ראשון לציון",
  "103  -  פנחס אילון 13 , חולון",
  "518  -  יהודה הלוי 27 , תל אביב -יפו",
  "162  -  תלפיות ירושלים 26 קניון הדר, ירושלים",
  "219  -  האצ\"ל 53 , ראשון לציון",
  "129  -  הרצל 160 , תל אביב -יפו",
  "43  -  שדרות הרצל 55 , רמלה",
  "14  -  יהודה הלוי 38 , תל אביב -יפו",
  "10  -  יהודה הלוי 27 , תל אביב -יפו",
  "105  -  בניין מועדון הסטודנט 0 בניין מיטשל, תל אביב -יפו",
  "324  -  פנחס רוזן 72 , תל אביב -יפו",
  "444  -  שד' מוריה 66 , חיפה",
  "210  -  לילנבלום 25 , תל אביב -יפו",
  "17  -  דרך שלמה 74 , תל אביב -יפו",
  "211  -  יהודה הלוי 23 , תל אביב -יפו",
  "88  -  המסגר 43 , תל אביב -יפו",
  "125  -  סוקולוב 46 , רמת השרון",
  "143  -  דניאל 33 , בת ים",
  "151  -  דרך משה דיין 64 , תל אביב -יפו",
  "106  -  הרצל 16 , חיפה",
  "100  -  שדרות רוטשילד 4 , תל אביב -יפו",
  "391  -  רוטשילד 180 , פתח תקווה",
  "18  -  אצ\"ל 16 , תל אביב -יפו",
  "316  -  הרצל 160 , תל אביב -יפו",
  "132  -  שדרות ש\"י עגנון 6 , ירושלים",
  "147  -  דיזנגוף 55 , תל אביב -יפו",
  "213  -  יהודה הלוי 38 , תל אביב -יפו",
  "110  -  טשרנחובסקי 4 קניון \"8 באמצע\", קריית שמונה",
  "76  -  שדרות הנשיא 124 , חיפה",
  "2  -  הרב לוין 15 , עפולה",
  "38  -  יהודה המכבי 69 , תל אביב -יפו",
  "233  -  ממילא 20 ממילא, קומה 5, ירושלים",
  "159  -  יפו 97 , ירושלים",
  "382  -  שנקר 4 , הרצלייה",
  "118  -  יהודה הנשיא 34 , תל אביב -יפו",
  "381  -  אגודת ספורט הפועל 1 , ירושלים",
  "49  -  סוקולוב 68 , חולון",
  "201  -  יהודה הלוי 23 , תל אביב -יפו",
  "111  -  שד' יגאל אלון 1 המרכז המסחרי (אגף חדש), דימונה",
  "131  -  ככר ה-87 1 מרכז מסחרי, קריית גת",
  "97  -  שדרות הגעתון 29 , נהרייה",
  "516  -  דרך קדם 5 , מעלה אדומים",
  "431  -  אגודת ספורט בית\"ר 1 קניון מלחה, ירושלים",
  "55  -  הרצל 87 , ראשון לציון",
  "184  -  יהודה הלוי 31-27 , תל אביב -יפו",
  "112  -  הבילויים 16 , גדרה",
  "16  -  אלנבי 76 , תל אביב -יפו",
  "64  -  יחזקאל 11 , ירושלים",
  "320  -  טום לנטוס 26 , נתניה",
  "515  -  הברזל 24 , תל אביב -יפו",
  "6  -  יהודה הלוי 27 , תל אביב -יפו",
  "510  -  הראל 1 קניון הראל, מבשרת ציון",
  "360  -  דרך החורש 4 , יהוד",
  "67  -  יפו 220 , ירושלים",
  "174  -  מעלה כמון 5 מתחם חוצות כרמיאל, כרמיאל",
  "396  -  קניון אסף סנטר 0 , ראשון לציון",
  "92  -  אחוזה 119 , רעננה",
  "156  -  סמילנסקי 6 , נתניה",
  "521  -  קרן היסוד 5 , ירושלים",
  "186  -  קרית אריה 88 א.ת קרית אריה, פתח תקווה",
  "158  -  עוזיאל 86 , ירושלים",
  "4  -  הרצל 1 , אשדוד",
  "123  -  אבא הלל סילבר 12 , רמת גן",
  "302  -  גבעת טל 2 מרכז מסחרי גבעת טל, ראש העין",
  "331  -  כנפי נשרים 15 , ירושלים",
  "59  -  דוד המלך 2 , לוד",
  "107  -  אינשטיין 139 , חיפה",
  "321  -  שד' יצחק רבין 10 , ירושלים",
  "26  -  שד' ירושלים 15 , תל אביב -יפו",
  "526  -  גיבורי ישראל 13 , נתניה",
  "393  -  שוהם 2 , אשדוד",
  "8  -  שינקין 66 , תל אביב -יפו",
  "139  -  רבי עקיבא 60 , בני ברק",
  "308  -  יהודה הלוי 23 , תל אביב -יפו",
  "56  -  הרצל 30 , פתח תקווה",
  "3  -  שד' התמרים 1 מרכז השלום, אילת",
  "98  -  העליה ב' 4 מרכז מסחרי, צפת",
  "358  -  אוניברסיטת ת\"א 1 מאחורי בניין גילמן, תל אביב -יפו",
  "28  -  אבן גבירול 164 , תל אביב -יפו",
  "477  -  דרך שמחה גולן 54 , חיפה",
  "182  -  יהודה הלוי 31-27 , תל אביב -יפו",
  "5  -  דרך העמק 41 מרכז דודג', נצרת עילית",
  "452  -  אבא הלל סילבר 12 , רמת גן",
  "520  -  הרצל 160 , תל אביב -יפו",
  "361  -  גלעד 1, פרדס חנה",
  "85  -  אבן גבירול 66 , תל אביב -יפו",
  "128  -  שדרות בן גוריון 15 , אשקלון",
  "200  -  הרצל 160 , תל אביב -יפו",
  "104  -  אילת 36 , חולון",
  "348  -  הרטום 8 הר חוצבים, ירושלים",
  "170  -  דרך העצמאות 47 , חיפה",
  "95  -  הדגן 2 , זכרון יעקב",
  "362  -  חיה פיינשטיין 11 , פתח תקווה",
  "160  -  בן יהודה 11 , ירושלים",
  "157  -  הנחושת 4 , חולון",
  "146  -  קדושי השואה 63 , הרצלייה",
  "90  -  הרברט סמואל 68 , חדרה",
  "69  -  הארזים 2 , ירושלים",
  "153  -  רש\"י 1 המרכז המסחרי החדש, קריית מלאכי",
  "152  -  ה' באייר 66 , תל אביב -יפו",
  "40  -  הרצל 50 , רמת גן",
  "114  -  חיים משה שפירא 0 , אשדוד",
  "405  -  קניון דרורים 0 , בני דרור",
  "144  -  אורנים 1 מרכז מסחרי רמת אילן, גבעת שמואל",
  "70  -  דרך העצמאות 47 , חיפה",
  "51  -  בלפור 51 , בת ים",
  "488  -  משה לוי 11 בניין UMI קומה 11, ראשון לציון",
  "130  -  בן יהודה 29 , תל אביב -יפו",
  "330  -  בי\"ח וולפסון 1 , בת ים",
  "41  -  סלור 22 , פתח תקווה",
  "127  -  הרצוג 24 , תל אביב -יפו",
  "34  -  קפלן 2 , תל אביב -יפו",
  "117  -  ויצמן 31 , נס ציונה",
  "176  -  חלוצי התעשיה 3 , חיפה"
]},
{"bank":"Citibank", "localBank":["2  -  הארבעה 21 בנין הפלטינום, תל אביב -יפו","4  -  רוטשילד 9 , תל אביב -יפו","1  -  הארבעה 21 בנין הפלטינום, תל אביב -יפו","5  -  הארבעה 19 בניין התיכון, תל אביב -יפו"]},
{"bank":"HSBC Bank plc", "localBank":["101  -  זבוטינסקי 2 , רמת גן","102  -  זבוטינסקי 2 , רמת גן"]},
{"bank":"אלבנק אלערבי","localBank":["1  -  אלבנק אלערבי"]},
{"bank":"Standard Chartered","localBank":["1  -  Standard Chartered"]},
{"bank":"אל-אתיחאד ללדיכאר","localBank":["1  -  אל-אתיחאד ללדיכאר"]},
{"bank":"HSBC בנק מזרח תיכון","localBank":["1  -  HSBC בנק מזרח תיכון"]}
]
